jonathan-garibay;dipina
pablo-orduna;dipina
pablo-orduna;eduardo-castillejo
dipina;eduardo-castillejo
pablo-orduna;dipina
dipina;aitor-gomez-goiri
pablo-orduna;dipina
pablo-orduna;dipina
david-bujan;dipina
david-bujan;mikel-emaldi
dipina;mikel-emaldi
david-bujan;josuka
david-bujan;dipina
josuka;dipina
pablo-orduna;dipina
pablo-orduna;jonathan-garibay
ana-belen-lago;ivan-pretel
pablo-orduna;jonathan-garibay
dipina;aitor-gomez-goiri
pablo-orduna;dipina
pablo-orduna;dipina
pablo-orduna;dipina
pablo-orduna;eduardo-castillejo
dipina;eduardo-castillejo
bernhard-klein;dipina
ivan-pretel;ana-belen-lago
ana-belen-lago;ivan-pretel
pablo-orduna;dipina
pablo-orduna;dipina
pablo-orduna;dipina
pablo-orduna;jonathan-garibay
pablo-orduna;dipina
pablo-orduna;dipina
pablo-orduna;aitor-gomez-goiri
pablo-orduna;eduardo-castillejo
dipina;aitor-gomez-goiri
dipina;eduardo-castillejo
aitor-gomez-goiri;eduardo-castillejo
pablo-orduna;dipina
david-ausin;dipina
pablo-orduna;dipina
pablo-orduna;dipina
pablo-orduna;eduardo-castillejo
dipina;eduardo-castillejo
dipina;aitor-gomez-goiri
dipina;mikel-emaldi
aitor-gomez-goiri;mikel-emaldi
pablo-orduna;dipina
pablo-orduna;aitor-gomez-goiri
dipina;aitor-gomez-goiri
pablo-orduna;dipina
pablo-orduna;dipina
josuka;josuka
josuka;dipina
josuka;david-bujan
josuka;josuka
josuka;dipina
josuka;david-bujan
dipina;david-bujan
dipina;aitor-gomez-goiri
dipina;mikel-emaldi
aitor-gomez-goiri;mikel-emaldi
pablo-orduna;dipina
pablo-orduna;eduardo-castillejo
dipina;eduardo-castillejo
pablo-orduna;dipina
pablo-orduna;dipina
pablo-orduna;dipina
pablo-orduna;dipina
pablo-orduna;aitor-gomez-goiri
pablo-orduna;eduardo-castillejo
dipina;aitor-gomez-goiri
dipina;eduardo-castillejo
aitor-gomez-goiri;eduardo-castillejo
dipina;josuka
dipina;dipina
dipina;dipina
